id,class_session_id,lesson_question_id,user_id,group_id,logged_in_user,text,updated_on,parent_id,ip,visible
683390,19191,15223,34040,NULL,NULL,"&lt;p&gt;garlic mustard plants release toxins that prevent other plants from growing around them&nbsp;&lt;/p&gt;
","2023-10-10 16:44:15",0,134.126.253.115,1
683391,19191,15223,33949,NULL,NULL,"&lt;p&gt;Two male peacocks compete for a mate in the same area, the one with the prettier wings gets the mate.&lt;/p&gt;
","2023-10-10 16:44:54",0,134.126.253.118,1
683392,19191,15223,33949,NULL,NULL,"&lt;p&gt;Hyenas and lions compete for the similar prey (gazelle).&lt;/p&gt;
","2023-10-10 16:46:11",0,134.126.253.118,1
683393,19191,15223,34040,NULL,NULL,"&lt;p&gt;wolves compete with one another for territory in an area&nbsp;&lt;/p&gt;
","2023-10-10 16:46:33",0,134.126.253.115,1
683394,19191,15223,34040,NULL,NULL,"&lt;p&gt;rams fight one another by butting heads to compete for mates&lt;/p&gt;
","2023-10-10 16:47:26",0,134.126.253.115,1
683395,19191,15223,33949,NULL,NULL,"&lt;p&gt;two oak trees compete in the same area for nutrients, water, and light.&lt;/p&gt;
","2023-10-10 16:48:30",0,134.126.253.118,1
683396,19191,15223,33927,NULL,NULL,"&lt;p&gt;An Oak tree is taller than a pine tree and takes up more sunlight than the Pine tree.&nbsp;&lt;/p&gt;

&lt;p&gt;A White Tailed deer urinated and scraps its antlers on trees.&lt;/p&gt;

&lt;p&gt;An Owl takes control over a hole in a tree before another bird can.&nbsp;&lt;/p&gt;

&lt;p&gt;&nbsp;&lt;/p&gt;
","2023-10-10 16:48:57",0,134.126.253.103,1
683397,19191,15223,34061,NULL,NULL,"&lt;p&gt;the competition between plants for space, nutrients and water&lt;/p&gt;
","2023-10-10 16:49:42",0,134.126.253.88,1
683398,19191,15223,33927,NULL,NULL,"&lt;p&gt;A White Tailed deer urinated and scraps its antlers on trees.&lt;/p&gt;
","2023-10-10 16:49:42",683396,134.126.253.103,1
683399,19191,15223,33925,NULL,NULL,"&lt;p&gt;An invasive species of Garlic Mustard plants,&nbsp;&lt;em&gt;Alliaria petiolata,&nbsp;&lt;/em&gt;is known to take over people&#039;s gardens by releasing a toxic chemical into the soil, which often kills or inhibits other plant&#039;s ability to grow and survive.&nbsp;&lt;/p&gt;
","2023-10-10 16:49:47",0,134.126.113.83,1
683400,19191,15223,33927,NULL,NULL,"&lt;p&gt;A White Tailed deer urinated and scraps its antlers on trees.&lt;/p&gt;
","2023-10-10 16:50:06",0,134.126.253.103,1
683401,19191,15223,33927,NULL,NULL,"&lt;p&gt;An Owl takes control over a hole in a tree before another bird can.&nbsp;&lt;/p&gt;

&lt;p&gt;&nbsp;&lt;/p&gt;
","2023-10-10 16:50:19",0,134.126.253.103,1
683403,19191,15223,33927,NULL,NULL,"&lt;p&gt;An Oak tree is taller than a pine tree and takes up more sunlight than the Pine tree.&nbsp;&lt;/p&gt;
","2023-10-10 16:50:36",0,134.126.253.103,1
683405,19191,15223,33940,NULL,NULL,"&lt;p&gt;two elephant seals competing for control of territory&nbsp;&lt;/p&gt;
","2023-10-10 16:51:58",0,134.126.253.49,1
683406,19191,15223,34068,NULL,NULL,"&lt;p&gt;lions compete with other lions to ward off and protect their lands.&lt;/p&gt;
","2023-10-10 16:52:00",0,134.126.253.42,1
683407,19191,15223,33940,NULL,NULL,"&lt;p&gt;a squirrel and a chipmunk competing for the same food source&lt;/p&gt;
","2023-10-10 16:52:37",0,134.126.253.49,1
683408,19191,15223,34139,NULL,NULL,"&lt;p&gt;Male river hippos fight for leadership of a herd.&nbsp;&lt;/p&gt;
","2023-10-10 16:52:51",0,134.126.253.120,1
683409,19191,15223,33925,NULL,NULL,"&lt;p&gt;Male cheetahs normally form strong pair bonds with brothers and in some cases other males they grew up with. In one scenario, two mature male cheetahs defend a 200-square-mile territory from unwanted visitors and rival males. This area not only has abundant access to prey but also acts as a sign of strength, attracting more females for them to mate with.&nbsp;&lt;/p&gt;
","2023-10-10 16:54:17",0,134.126.113.83,1
683410,19191,15223,34139,NULL,NULL,"&lt;p&gt;Black bears scent mark an area of land to claim it&lt;/p&gt;
","2023-10-10 16:54:31",0,134.126.253.120,1
683412,19191,15223,34061,NULL,NULL,"&lt;p&gt;paired flamingos interact with a single flamingo and might engage in&nbsp;fights to protect their mates and&nbsp;offspring.&lt;/p&gt;
","2023-10-10 16:54:58",0,134.126.253.88,1
683413,19191,15223,34066,NULL,NULL,"&lt;p&gt;cheetahs and lions fighting for the same prey.&lt;/p&gt;
","2023-10-10 16:55:30",0,134.126.253.33,1
683414,19191,15223,33940,NULL,NULL,"&lt;p&gt;Pine tree releases toxins in it&#039;s needles to make it inedible&nbsp;&lt;/p&gt;
","2023-10-10 16:55:31",0,134.126.253.49,1
683415,19191,15223,33987,NULL,NULL,"&lt;p&gt;Lions competing for grass plains in Africa&nbsp;&lt;/p&gt;
","2023-10-10 16:55:43",0,134.126.253.58,1
683416,19191,15223,34061,NULL,NULL,"&lt;p&gt;The zebras compete with each other for&nbsp;the grass and leaves in the environment&nbsp;&lt;/p&gt;
","2023-10-10 16:56:15",0,134.126.253.88,1
683418,19191,15223,34139,NULL,NULL,"&lt;p&gt;grazing cows may try to eat as much grass as possible if the field has limiting resources&lt;/p&gt;
","2023-10-10 16:57:14",0,134.126.253.120,1
683419,19191,15223,33987,NULL,NULL,"&lt;p&gt;The Black Walnut plant releasing&nbsp;a protective chemical&nbsp;&lt;/p&gt;
","2023-10-10 16:58:09",0,134.126.253.58,1
683420,19191,15223,34139,NULL,NULL,"&lt;p&gt;A fern grows large enough to shade the plants below it&lt;/p&gt;
","2023-10-10 16:59:09",0,134.126.253.120,1
683421,19191,15223,34066,NULL,NULL,"&lt;p&gt;The plant bishop weed puts out phototoxins to push out other plants.&lt;/p&gt;
","2023-10-10 16:59:52",0,134.126.253.33,1
683425,19191,15223,33925,NULL,NULL,"&lt;p&gt;A forest has recently been partially cleared of all the large trees. Few&nbsp;medium-sized trees were left behind which&nbsp;now have abundant access to sunlight. These trees grow to be very large and their canopy covers all of the ground below. Any seedlings growing below these trees receive little to no sunlight surrounding these trees and are therefore unable to grow.&nbsp;&nbsp;&lt;/p&gt;
","2023-10-10 17:00:17",0,134.126.113.83,1
683426,19191,15223,34068,NULL,NULL,"&lt;p&gt;pine trees excrete cytotoxic chemicals from their needles&lt;/p&gt;
","2023-10-10 17:00:34",0,134.126.253.42,1
683427,19191,15223,33699,NULL,NULL,"&lt;p&gt;Cervus canadensis, or better known as elk, during mating season lock antlers with other males in an act of combat.&lt;/p&gt;
","2023-10-10 17:00:46",0,134.126.253.36,1
683429,19191,15223,34066,NULL,NULL,"&lt;p&gt;Two birds compete for resources to make a nest during mating season.&lt;/p&gt;
","2023-10-10 17:00:54",0,134.126.253.33,1
683430,19191,15223,33987,NULL,NULL,"&lt;p&gt;Bears using the same river to catch salmon&lt;/p&gt;
","2023-10-10 17:01:36",0,134.126.253.58,1
683433,19191,15223,34068,NULL,NULL,"&lt;p&gt;dogs piss on their lawn to mark their territory.&lt;/p&gt;
","2023-10-10 17:01:48",0,134.126.253.42,1
683434,19191,15223,33699,NULL,NULL,"&lt;p&gt;Juglans nigra, or eastern black walnut releases a toxic chemical to deter the growth of other species.&lt;/p&gt;
","2023-10-10 17:02:47",0,134.126.253.36,1
683436,19191,15223,33699,NULL,NULL,"&lt;p&gt;Canis lupus, or the wolf, urinates on its surrounding area to claim it as its own.&lt;/p&gt;
","2023-10-10 17:04:19",0,134.126.253.36,1
683445,19191,15223,33926,NULL,NULL,"&lt;p&gt;A fungi in a plate releasing&nbsp;antibiotics to kill the surrounding Bactria&lt;/p&gt;
","2023-10-10 17:07:44",0,172.56.194.27,1
683448,19191,15223,34071,NULL,NULL,"&lt;p&gt;The brown marmorated stink bug (Halyomorpha halys) is an invasive species in many parts of the world, including North America. It competes with native stink bugs and other insects for resources such as food and shelter.&lt;/p&gt;
","2023-10-10 17:11:47",0,134.126.253.49,1
683450,19191,15223,33937,NULL,NULL,"&lt;p&gt;Dogwood and Black oak trees growing close together in the arboretum.&lt;/p&gt;
","2023-10-10 17:13:48",0,134.126.113.79,1
683452,19191,15223,33937,NULL,NULL,"&lt;p&gt;2 sharks are racing to eat the same school of fish.&lt;/p&gt;
","2023-10-10 17:14:51",0,134.126.113.79,1
683453,19191,15223,34071,NULL,NULL,"&lt;p&gt;Grey and red squirrels fighting over territory on campus.&lt;/p&gt;
","2023-10-10 17:15:33",0,134.126.253.49,1
683455,19191,15223,33937,NULL,NULL,"&lt;p&gt;Pine trees excrete chemicals from their needles&lt;/p&gt;
","2023-10-10 17:16:04",0,134.126.113.79,1
683458,19191,15223,34071,NULL,NULL,"&lt;p&gt;Acacia Trees with giant thorns to prevent herbivores from eating them.&lt;/p&gt;
","2023-10-10 17:20:15",0,134.126.253.49,1
683459,19191,15223,33994,NULL,NULL,"&lt;p&gt;Kentucky bluegrass rye excretes chemicals that kill surrounding plants to have control over the area.&lt;/p&gt;
","2023-10-10 17:20:35",0,134.126.253.86,1
683460,19191,15223,33994,NULL,NULL,"&lt;p&gt;Cheetahs compete over land with&nbsp;herds of antelope to pray on.&lt;/p&gt;
","2023-10-10 17:23:04",0,134.126.253.86,1
683461,19191,15223,33926,NULL,NULL,"&lt;p&gt;cheetahs and lions&nbsp;live in the same area and&nbsp;they both feed on similar prey.&lt;/p&gt;
","2023-10-10 17:23:08",0,172.56.194.27,1
683463,19191,15223,33926,NULL,NULL,"&lt;p&gt;In an area with very limited number of trees and very large population of birds. Birds competes for&nbsp;a place to put their nest&lt;/p&gt;
","2023-10-10 17:27:13",0,172.56.194.27,1
683464,19191,15223,33994,NULL,NULL,"&lt;p&gt;Elephant seals physically fight each other for access to mates&lt;/p&gt;
","2023-10-10 17:31:54",0,134.126.253.86,1
683468,19191,15223,33931,NULL,NULL,"&lt;p&gt;Garlic Mustard excretes a chemical that inhibits the growth of surrounding plants.&lt;/p&gt;
","2023-10-10 17:39:07",0,134.126.253.42,1
683470,19191,15223,34108,NULL,NULL,"&lt;p&gt;Lion and hyenas compete for food present in their environment, where hyenas out number lions but lion are larger and stronger. In some occasions if hyenas are in need of food and have the opportunity some times take lion cubes to prey on.&nbsp;&lt;/p&gt;
","2023-10-10 17:46:33",0,52.124.41.17,1
683471,19191,15223,34108,NULL,NULL,"&lt;p&gt;Younger, stronger male lions compete with a older, weaker male lions for their pride.&lt;/p&gt;
","2023-10-10 17:47:47",0,52.124.41.17,1
683472,19191,15223,33931,NULL,NULL,"&lt;p&gt;A groundhog finds a hole in the ground before any other animal and claims it as its own.&nbsp;&lt;/p&gt;
","2023-10-10 17:48:26",0,134.126.253.42,1
683473,19191,15223,34108,NULL,NULL,"&lt;p&gt;A hawk preys on both squirrels and mice.&nbsp;&lt;/p&gt;
","2023-10-10 17:49:54",0,52.124.41.17,1
683477,19191,15223,33931,NULL,NULL,"&lt;p&gt;Two bears compete over eating berries from a bush.&lt;/p&gt;
","2023-10-10 18:00:41",0,134.126.253.42,1
683488,19191,15223,34053,NULL,NULL,"&lt;p&gt;Red deer battle each other using their antlers to compete for mates.&lt;/p&gt;
","2023-10-10 18:37:13",0,134.126.253.8,1
683489,19191,15223,34053,NULL,NULL,"&lt;p&gt;Two oak trees planted next to each other both try to absorb as much nutrients as possible through their roots&nbsp;&lt;/p&gt;
","2023-10-10 18:39:58",0,134.126.253.8,1
683491,19191,15223,34141,NULL,NULL,"&lt;p&gt;Species: Lion&lt;/p&gt;

&lt;p&gt;Lion prides are made up of a number of individuals, including dominant males, lionesses, and cubs. Within the pride, competition arises for access to limited resources such as food and breeding opportunities. Because just a few males get to mate with the lionesses, dominant males compete with each other to establish and maintain control of their pride.&nbsp;&lt;/p&gt;
","2023-10-10 18:41:15",0,134.126.253.37,1
683492,19191,15223,34053,NULL,NULL,"&lt;p&gt;Cardinals fight each other to secure territory for breeding.&lt;/p&gt;
","2023-10-10 18:41:35",0,134.126.253.8,1
683493,19191,15223,34141,NULL,NULL,"&lt;p&gt;Oak tree&#039;s&lt;/p&gt;

&lt;p&gt;Seedlings of the same species of oak tree frequently compete for resources such as sunlight, water, and nutrients. They spread their branches and leaves to capture sunlight as they grow, which can result in shadowing and reduced light availability for surrounding oak tree saplings.&nbsp;&lt;/p&gt;
","2023-10-10 18:44:04",0,134.126.253.37,1
683494,19191,15223,34038,NULL,NULL,"&lt;p&gt;whitetail deer do something called sparring. Two bucks will use their antlers by clashing heads with the other deer either trying to push them backward or breaking the other deer&#039;s antlers to show that they are stronger.&nbsp;&lt;/p&gt;
","2023-10-10 18:48:45",0,134.126.253.44,1
683495,19191,15223,33820,NULL,NULL,"&lt;p&gt;Two male Black Rhino &lt;em&gt;(Diceros bicornis)&lt;/em&gt; fighting with their horns in order to secure a mate.&lt;/p&gt;
","2023-10-10 19:00:25",0,164.106.29.51,1
683497,19191,15223,33820,NULL,NULL,"&lt;p&gt;A field mouse and a chipmunk fight over a shared resource, nuts.&lt;/p&gt;
","2023-10-10 19:14:17",0,164.106.29.51,1
683500,19191,15223,33820,NULL,NULL,"&lt;p&gt;Barnacles finding a safe place underneath a blue whales fin to live, this keeps other barnacles from being able to move into this prime area.&lt;/p&gt;
","2023-10-10 19:25:00",0,164.106.29.51,1
683501,19191,15223,33915,NULL,NULL,"&lt;p&gt;The&nbsp;&lt;em&gt;Jugulars nigra&nbsp;&lt;/em&gt;(Black walnut) plant releases Juggle, a chemical to stop the growth of plants including hydrangeas and tomatoes.&nbsp;&lt;/p&gt;
","2023-10-10 19:32:45",0,216.98.90.64,1
683503,19191,15223,33915,NULL,NULL,"&lt;p&gt;The black-backed jackal marks its territory by marking its scent around a specific area.&nbsp;&lt;/p&gt;
","2023-10-10 19:36:34",0,67.221.109.166,1
683505,19191,15223,33915,NULL,NULL,"&lt;p&gt;A pack of wolves claims a territory in the snowy tundra so that another type of wolf pack cannot claim it.&nbsp;&lt;/p&gt;
","2023-10-10 19:39:38",0,67.221.109.166,1
683507,19191,15223,34101,NULL,NULL,"&lt;p&gt;Trees competing for light when another tree dies.&nbsp;&lt;/p&gt;
","2023-10-10 19:46:39",0,76.78.164.229,1
683508,19191,15223,33947,NULL,NULL,"&lt;p&gt;After an Allosaurus successfully brings down a Camptosaurus in a hunt, another Allosaurus arrives on the scene and the two fight over the carcass.&nbsp;&lt;/p&gt;
","2023-10-10 19:51:05",0,98.244.112.103,1
683510,19191,15223,34101,NULL,NULL,"&lt;p&gt;gazelles and zebras compete for grass to eat,&lt;/p&gt;
","2023-10-10 19:52:23",0,76.78.164.229,1
683511,19191,15223,33947,NULL,NULL,"&lt;p&gt;A bull Ankylosaurus guards a watering hole, waving his tail around in a threatening display towards a pack of Velociraptors that have come for a drink.&lt;/p&gt;
","2023-10-10 19:54:16",0,98.244.112.103,1
683513,19191,15223,34101,NULL,NULL,"&lt;p&gt;coyotes and bears that live in the same areas both eat mean, meaning they must compete over prey.&lt;/p&gt;
","2023-10-10 19:55:25",0,76.78.164.229,1
683514,19191,15223,33947,NULL,NULL,"&lt;p&gt;An acorn seeds earlier than other acorns that have fallen around it and its roots take up all the resources in its general vicinity, preventing other acorns from rooting.&lt;/p&gt;
","2023-10-10 19:56:12",0,98.244.112.103,1
683515,19191,15223,33982,NULL,NULL,"&lt;p&gt;The plant&nbsp;&lt;em&gt;Salvia leucophylla&nbsp;&lt;/em&gt;is native to some coastal mountain ranges in California. It is known to release monoterpenoids, which inhibit the growth of neighboring plants.&nbsp;&lt;/p&gt;
","2023-10-10 19:56:29",0,75.102.131.71,1
683517,19191,15223,33982,NULL,NULL,"&lt;p&gt;The grey wolf (&lt;em&gt;Canis lupis)&nbsp;&lt;/em&gt;is native to North America. This species hunts in packs and defends areas from others.&nbsp;&lt;/p&gt;
","2023-10-10 20:00:59",0,75.102.131.71,1
683518,19191,15223,34136,NULL,NULL,"&lt;p&gt;Woodpeckers and squirrels compete for nesting rights in the holes and spaces in&nbsp;trees&lt;/p&gt;
","2023-10-10 20:02:42",0,134.126.253.87,1
683525,19191,15223,34136,NULL,NULL,"&lt;p&gt;Male hartebeests battle each other for control over territory/defend their territory&lt;/p&gt;
","2023-10-10 20:07:16",0,134.126.253.87,1
683527,19191,15223,33982,NULL,NULL,"&lt;p&gt;The&nbsp;&lt;em&gt;Allomyrina dichotoma (&lt;/em&gt;Japanese rhinoceros beetle) often fight with each other for a mate.&nbsp;&lt;/p&gt;
","2023-10-10 20:08:03",0,75.102.131.71,1
683529,19191,15223,33997,NULL,NULL,"&lt;p&gt;Two rams butting heads over territory and mates.&lt;/p&gt;
","2023-10-10 20:14:09",0,134.126.113.90,1
683533,19191,15223,34136,NULL,NULL,"&lt;p&gt;black walnuts releasing&nbsp;the chemical juglone to inhibit other species from growing near it&lt;/p&gt;
","2023-10-10 20:18:16",0,134.126.253.87,1
683536,19191,15223,33997,NULL,NULL,"&lt;p&gt;Two plants of different species are growing in the forest. One grows taller, shading the other and opening up more sunlight exposure for itself.&nbsp;&lt;/p&gt;
","2023-10-10 20:21:46",0,134.126.113.90,1
683537,19191,15223,33997,NULL,NULL,"&lt;p&gt;All cows in a field graze on grass freely until it is gone.&nbsp;&lt;/p&gt;
","2023-10-10 20:22:31",0,134.126.113.90,1
683538,19191,15223,34037,NULL,NULL,"&lt;p&gt;Two red oak trees growing too close together, causing competition for sunlights and nutrients.&lt;/p&gt;
","2023-10-10 20:24:06",0,75.102.137.138,1
683539,19191,15223,34037,NULL,NULL,"&lt;p&gt;Barnacles compete with each other for space on rocks in the ocean&lt;/p&gt;
","2023-10-10 20:27:10",0,75.102.137.138,1
683540,19191,15223,34037,NULL,NULL,"&lt;p&gt;Mature house cat marking furniture with the scent of their urine after a new cat is adopted&lt;/p&gt;
","2023-10-10 20:28:35",0,75.102.137.138,1
683541,19191,15223,34058,NULL,NULL,"&lt;p&gt;Poison Ivy makes certain creatures itchy by one of their secretions.&lt;/p&gt;
","2023-10-10 20:29:02",0,76.78.164.234,1
683542,19191,15223,34058,NULL,NULL,"&lt;p&gt;Bull Elks&nbsp; fight other Bulls for mates.&lt;/p&gt;
","2023-10-10 20:30:00",0,76.78.164.234,1
683543,19191,15223,34058,NULL,NULL,"&lt;p&gt;A Hawk claims a nesting site before another species of bird is able to.&lt;/p&gt;
","2023-10-10 20:31:07",0,76.78.164.234,1
683544,19191,15223,34503,NULL,NULL,"&lt;p&gt;Frogs fighting for flies&nbsp;around&nbsp;a small pond&lt;/p&gt;
","2023-10-10 20:32:13",0,52.124.41.17,1
683545,19191,15223,34503,NULL,NULL,"&lt;p&gt;Male deer fighting for dominance and mates by ramming their antlers into another&lt;/p&gt;
","2023-10-10 20:33:10",0,52.124.41.17,1
683546,19191,15223,34503,NULL,NULL,"&lt;p&gt;Poison oak populating an area, secreting a substance that makes other species itchy when they get close.&lt;/p&gt;
","2023-10-10 20:34:52",0,52.124.41.17,1
683549,19191,15223,33962,NULL,NULL,"&lt;p&gt;An oak tree competes with a maple tree for the space where their roots go.&nbsp; This is indirect/scramble&nbsp;competition.&nbsp;&lt;/p&gt;
","2023-10-10 20:38:11",0,73.99.50.156,1
683550,19191,15223,33962,NULL,NULL,"&lt;p&gt;Two tigers compete for control of&nbsp;territory.&nbsp;&lt;/p&gt;
","2023-10-10 20:39:32",0,73.99.50.156,1
683551,19191,15223,33962,NULL,NULL,"&lt;p&gt;A shark competes with a whale for the same prey.&nbsp;&lt;/p&gt;
","2023-10-10 20:40:12",0,73.99.50.156,1
683553,19191,15223,34141,NULL,NULL,"&lt;p&gt;Polar bears using the same area of ice to hunt seals for when they surface.&lt;/p&gt;
","2023-10-10 20:46:15",0,134.126.253.37,1
683555,19191,15223,33979,NULL,NULL,"Cheetahs and lions; because they  both consume comparable  prey. They  are negatively impacted by the presence of the other because they will have less food. ","2023-10-10 20:54:03",0,134.126.113.125,1
683559,19191,15223,33959,NULL,NULL,"&lt;p&gt;Exploitation competition- Ruby-throated hummingbirds and olive-backed sunbirds exist in the same environments and feed on the same flowers.&nbsp;&lt;/p&gt;
","2023-10-10 21:01:50",0,50.30.161.186,1
683560,19191,15223,34065,NULL,NULL,"&lt;p&gt;Lions and cheetahs have the same prey so they must compete with each other for food.&nbsp;&lt;/p&gt;
","2023-10-10 21:02:05",0,199.87.198.122,1
683561,19191,15223,34065,NULL,NULL,"&lt;p&gt;Two male white tail deer fight each other to compete for a female.&lt;/p&gt;
","2023-10-10 21:03:10",0,199.87.198.122,1
683563,19191,15223,33959,NULL,NULL,"&lt;p&gt;Black walnut trees release a chemical called juglone into the soil, inhibiting other plant species&#039; growth.&nbsp;&lt;/p&gt;
","2023-10-10 21:05:41",0,50.30.161.186,1
683564,19191,15223,34065,NULL,NULL,"&lt;p&gt;Black Walnut Trees release chemical called juglone which inhibits growth of plants around it.&nbsp;&lt;/p&gt;
","2023-10-10 21:07:41",0,199.87.198.122,1
683565,19191,15223,34044,NULL,NULL,"&lt;p&gt;1) Red and purple sea urchins fight over algae and plankton in the ocean when there is minimal access to them.&lt;/p&gt;
","2023-10-10 21:08:27",0,134.126.253.14,1
683568,19191,15223,34044,NULL,NULL,"&lt;p&gt;2) Pelicans, sharks, and dolphins fighting over the same school of fish.&lt;/p&gt;
","2023-10-10 21:11:20",0,134.126.253.14,1
683585,19191,15223,33984,NULL,NULL,"&lt;p&gt;&lt;strong&gt;Oak trees&lt;/strong&gt;&lt;/p&gt;

&lt;p&gt;Oak trees growing too close together will attempt to grow taller than those nearby in competition for sunlight and the nutrients gained by photosynthetic processes.&lt;/p&gt;
","2023-10-10 21:25:04",0,75.102.137.109,1
683590,19191,15223,33932,NULL,NULL,"&lt;p&gt;A male moose marks his territory by peeing on it so other males wont intrude on the land. If he has more territory then more females will be inside of his territory which means he will have more females to mate with.&nbsp;&lt;/p&gt;
","2023-10-10 21:27:42",0,52.124.33.153,1
683595,19191,15223,33988,NULL,NULL,"&lt;p&gt;1.) Cheetahs and Lions competing&nbsp;against each other for the same prey.&lt;/p&gt;
","2023-10-10 21:30:37",0,52.124.33.153,1
683597,19191,15223,33988,NULL,NULL,"&lt;p&gt;2.) Oak trees growing taller than pine trees inorder to block the sun from the pine trees inorder to compete for higher nutrients.&lt;/p&gt;
","2023-10-10 21:32:35",0,52.124.33.153,1
683599,19191,15223,33988,NULL,NULL,"&lt;p&gt;3.) Male deer (bucks) fight each other with their antlers as competition within their species for food and to be with the female deer.&lt;/p&gt;
","2023-10-10 21:34:12",0,52.124.33.153,1
683601,19191,15223,34044,NULL,NULL,"&lt;p&gt;3) A black snake chases a house mouse and catches it to eat.&lt;/p&gt;
","2023-10-10 21:35:13",0,134.126.253.14,1
683602,19191,15223,33932,NULL,NULL,"&lt;p&gt;At a watering hole monkeys kill gazelles&nbsp;so they can have more water for themselves.&lt;/p&gt;
","2023-10-10 21:35:37",0,52.124.33.153,1
683604,19191,15223,33984,NULL,NULL,"&lt;p&gt;&lt;em&gt;&lt;strong&gt;Aeginetia indica&lt;/strong&gt;&lt;/em&gt;&lt;/p&gt;

&lt;p&gt;The &lt;em&gt;Aeginetia indica&lt;/em&gt; plant is a weed that attaches to the roots or stems of nearby flowers and sucks out their nutrients, making the plant weak and eventually succumb to starvation or pest infestation. This rids the area of the flowers and gives rise to&nbsp;&lt;em&gt;Aeginetia indica&lt;/em&gt;&nbsp;populations with abundant nutrients.&lt;/p&gt;
","2023-10-10 21:37:09",0,75.102.137.109,1
683606,19191,15223,34130,NULL,NULL,"&lt;p&gt;Invasive Sitka deer establish populations on coastal barrier islands and out-eat the native white-tailed deer&lt;/p&gt;
","2023-10-10 21:38:42",0,NULL,1
683610,19191,15223,33980,NULL,NULL,"&lt;p&gt;Interference competition over food: Direct&lt;/p&gt;

&lt;p&gt;Animals like hyena&#039;s and vultures can fight over a kill to see which one will ultimately get the whole animal to eat.&lt;/p&gt;
","2023-10-10 21:41:35",0,76.78.164.94,1
683612,19191,15223,33980,NULL,NULL,"&lt;p&gt;Male deer fight other males with their antlers to see who wins that territory with the better does to mate with.&nbsp;&lt;/p&gt;
","2023-10-10 21:43:39",0,76.78.164.94,1
683613,19191,15223,33795,NULL,NULL,"&lt;p&gt;Pikas compete for&nbsp;territories by fighting/chasing other pikas off and using territorial calls to establish the boundaries of their territory.&lt;/p&gt;
","2023-10-10 21:45:53",0,76.78.164.123,1
683614,19191,15223,33980,NULL,NULL,"&lt;p&gt;Black walnut trees can release a toxic chemical called juglone that will kill any plants that try to grow nearby.&lt;/p&gt;
","2023-10-10 21:46:19",0,76.78.164.94,1
683616,19191,15223,33984,NULL,NULL,"&lt;p&gt;&lt;strong&gt;Honeybees&nbsp;(&lt;em&gt;Apis mellifera&lt;/em&gt;)&lt;/strong&gt;&lt;/p&gt;

&lt;p&gt;The honeybee population (&lt;em&gt;Apis mellifera&lt;/em&gt;) is known for its pollination abilities across various plants. Honeybees compete by monopolizing floral resources such as pollen and nectar for these processes. This&nbsp;overlapping foraging leads to minimized resources for certain bees.&lt;/p&gt;
","2023-10-10 21:46:48",0,75.102.137.109,1
683621,19191,15223,34130,NULL,NULL,"&lt;p&gt;Tuliptree seedling grows rapidly to overshadow slower-growing hardwoods.&nbsp;&lt;/p&gt;
","2023-10-10 21:52:30",0,NULL,1
683622,19191,15223,33795,NULL,NULL,"&lt;p&gt;The decomposing leaves of hackberry trees by&nbsp;produce&nbsp;phenolic phytotoxins that prevent growth of other plants nearby.&lt;/p&gt;
","2023-10-10 21:52:36",0,76.78.164.123,1
683623,19191,15223,33795,NULL,NULL,"&lt;p&gt;Male elephant seals engage in violent fights during the breeding season to win access to females.&lt;/p&gt;
","2023-10-10 21:54:01",0,76.78.164.123,1
683624,19191,15223,33932,NULL,NULL,"&lt;p&gt;Black gum trees were the first inhabitants of a north west facing slope in the JMU arboretum. Since they were the first to grow there their roots were able to claim a lot of area and prevent other trees from growing there.&lt;/p&gt;
","2023-10-10 21:55:13",0,52.124.33.153,1
683625,19191,15223,34130,NULL,NULL,"&lt;p&gt;Great Horned Owls kill and eat sleeping Red Tailed Hawks at night.&nbsp;&lt;/p&gt;
","2023-10-10 21:55:47",0,NULL,1
683626,19191,15223,34064,NULL,NULL,"&lt;p&gt;Hyenas fighting over food and survival.&lt;/p&gt;
","2023-10-10 22:16:59",0,76.78.164.145,1
683627,19191,15223,33979,NULL,NULL,"&lt;p&gt;Black walnuts&nbsp;eliminate their&nbsp;competition for water and sunlight by poisoning other trees around them.&lt;/p&gt;
","2023-10-10 22:18:10",0,134.126.113.26,1
683628,19191,15223,34064,NULL,NULL,"&lt;p&gt;Peacocks sing in an area as a way of claiming it as theirs.&lt;/p&gt;
","2023-10-10 22:18:38",0,76.78.164.145,1
683629,19191,15223,34064,NULL,NULL,"&lt;p&gt;The creosote bush inhibit the growth of other plants by releasing terpenes into the surrounding soil.&lt;/p&gt;
","2023-10-10 22:22:10",0,76.78.164.145,1
683630,19191,15223,33935,NULL,NULL,"&lt;p&gt;1- A black mustard plant&nbsp;releases chemicals which can hinder the growth of other plant species.&nbsp;&lt;/p&gt;
","2023-10-10 22:23:09",0,52.124.42.225,1
683631,19191,15223,33935,NULL,NULL,"&lt;p&gt;A barnacle occupies a space and therefore prevents other individuals from using the space and occupying it.&nbsp;&lt;/p&gt;
","2023-10-10 22:27:07",0,52.124.42.225,1
683632,19191,15223,33935,NULL,NULL,"&lt;p&gt;animals such as leopards and jaguars, mark their areas by urinating, so that other individuals can smell the scent and know that area is occupied.&nbsp;&lt;/p&gt;
","2023-10-10 22:32:59",0,52.124.42.225,1
683633,19191,15223,33944,NULL,NULL,"&lt;p&gt;An example of competition includes the Asian Tiger Mosquito, A.&nbsp;albopictus rapidly spreading into Florida taking over a population of Yellow Fever Mosquitos, A. aegypti.&nbsp;&lt;/p&gt;

&lt;p&gt;&nbsp;&lt;/p&gt;
","2023-10-10 22:33:15",0,134.126.253.112,1
683635,19191,15223,33979,NULL,NULL,"&lt;p&gt;Pavement ants compete with&nbsp;&nbsp;other ants. They attack other ants&#039; colonies&nbsp;in search of new&nbsp;resources.&nbsp;&lt;/p&gt;
","2023-10-10 22:38:06",0,134.126.113.26,1
683636,19191,15223,14798,NULL,NULL,"&lt;p&gt;A lion and hyena fighting over a dead zebra.&lt;/p&gt;
","2023-10-10 22:38:18",0,134.126.253.79,1
683637,19191,15223,33944,NULL,NULL,"&lt;p&gt;A honey mesquite, P. grandulosa prevents grass from growing by depleting resources around itself resulting in cattle not having any grass to graze on.&lt;/p&gt;
","2023-10-10 22:38:37",0,134.126.253.112,1
683638,19191,15223,14798,NULL,NULL,"&lt;p&gt;Water buffalo and zebra drinking from the same and only pond in the environment.&lt;/p&gt;
","2023-10-10 22:39:24",0,134.126.253.79,1
683640,19191,15223,14798,NULL,NULL,"&lt;p&gt;male sea lions fighting for the land and female sea lions.&lt;/p&gt;
","2023-10-10 22:40:29",0,134.126.253.79,1
683641,19191,15223,33944,NULL,NULL,"&lt;p&gt;Shore crabs, C. maenas fight off other crabs from taking their burrow.&lt;/p&gt;
","2023-10-10 22:41:07",0,134.126.253.112,1
683642,19191,15223,14798,NULL,NULL,"&lt;p&gt;Allelopathy&nbsp;&lt;/p&gt;
","2023-10-10 22:41:21",683514,134.126.253.79,1
683643,19191,15223,34102,NULL,NULL,"&lt;p&gt;Male Elk fight over territory to claim it for both habitating and mating.&nbsp;&lt;/p&gt;
","2023-10-10 22:44:38",0,52.124.41.25,1
683644,19191,15223,34102,NULL,NULL,"&lt;p&gt;The roots of the Yucca plant grow stronger and deeper to reach water, sometimes beating out other plants with shallow roots.&nbsp;&lt;/p&gt;
","2023-10-10 22:46:55",0,52.124.41.25,1
683645,19191,15223,34102,NULL,NULL,"&lt;p&gt;Both the wheatgrass and ryegrasses grow in the same patch of land, but the wheatgrass was sown there first, not allowing any space for the ryegrass.&lt;/p&gt;
","2023-10-10 22:49:22",0,52.124.41.25,1
683647,19191,15223,34069,NULL,NULL,"&lt;p&gt;Archilochus colubris also known as the ruby-throated hummingbird is very territorial. They defend flowers using calls and physical force during times when flowers are scarce.&lt;/p&gt;
","2023-10-10 23:00:01",0,76.78.164.125,1
683648,19191,15223,34073,NULL,NULL,"&lt;p&gt;1. Lions and Botswana&nbsp;wild dogs&nbsp;are both predators within the same ecosystem and compete for similar prey. Lions have the advantage in fighting over prey that African wild dogs hunt, which results in African wild dogs aiming to eat their prey as quickly as possible once they kill it.&lt;/p&gt;
","2023-10-10 23:00:11",0,52.124.42.225,1
683649,19191,15223,34069,NULL,NULL,"&lt;p&gt;Juglans Nigra or Black walnut trees use a chemical called juglone that kills any other plants nearby.&lt;/p&gt;
","2023-10-10 23:02:42",0,76.78.164.125,1
683651,19191,15223,34073,NULL,NULL,"&lt;p&gt;2. Male pumas will kill the young of females they encounter in an effort to then make the female puma available to mother&nbsp;young for that male, a means of&nbsp;competition to continue their own genetic line.&lt;/p&gt;
","2023-10-10 23:04:46",0,52.124.42.225,1
683655,19191,15223,34069,NULL,NULL,"&lt;p&gt;Balanus barnacles land and grow&nbsp;on exposed rock and other surfaces when they plant they grow and occupy space that now cant be used by other barnacles&lt;/p&gt;
","2023-10-10 23:06:45",0,76.78.164.125,1
683657,19191,15223,34073,NULL,NULL,"&lt;p&gt;3. A commonly known instance of competition within plants in our area is that oak and hickory trees typically grow taller than pine trees, leaving the pines beneath them with less available light.&lt;/p&gt;
","2023-10-10 23:09:11",0,52.124.42.225,1
683668,19191,15223,33938,NULL,NULL,"&lt;p&gt;An&nbsp;example&nbsp;of Exploitative competition in plants is when mesquite plants &quot;self thin&quot; by taking the nutrients and water from the soil around them so that smaller mesquite plants cant grow or die.&nbsp;&lt;/p&gt;
","2023-10-10 23:14:32",0,134.126.253.49,1
683669,19191,15223,34077,NULL,NULL,"&lt;p&gt;2 male zebras fighting over territory, to protect breeding rights/privileges.&lt;/p&gt;
","2023-10-10 23:15:57",0,100.15.63.64,1
683672,19191,15223,33938,NULL,NULL,"&lt;p&gt;spotted hyenas and vultures fight over a dead zebra for food.&nbsp;&lt;/p&gt;
","2023-10-10 23:16:50",0,134.126.253.49,1
683674,19191,15223,34094,NULL,NULL,"&lt;p&gt;A Pine&nbsp;tree is inhibiting the growth of grass beneath it&nbsp;by excreting chemicals through its pine needles into the ground.&nbsp;&lt;/p&gt;
","2023-10-10 23:17:04",0,74.213.225.131,1
683675,19191,15223,34035,NULL,NULL,"&lt;p&gt;Cresote bushes compete using allelopathy because their root systems impede the colonization growth of other plants&lt;/p&gt;
","2023-10-10 23:17:06",0,52.124.33.153,1
683676,19191,15223,34077,NULL,NULL,"&lt;p&gt;Lions and cheetahs competing for&nbsp;their prey of antelope and gazelle.&lt;/p&gt;
","2023-10-10 23:17:15",0,100.15.63.64,1
683679,19191,15223,34035,NULL,NULL,"&lt;p&gt;so sorry, definitely read the directions wrong!!&lt;/p&gt;
","2023-10-10 23:18:33",683675,52.124.33.153,1
683680,19191,15223,33938,NULL,NULL,"&lt;p&gt;Garlic Mustard plants release toxins into the soil around them, killing off or preventing any other species from gowing in the area.&nbsp;&lt;/p&gt;
","2023-10-10 23:18:49",0,134.126.253.49,1
683681,19191,15223,34035,NULL,NULL,"&lt;p&gt;deer mark their territory by scraping their antlers and urinating&nbsp;&lt;/p&gt;

&lt;p&gt;&nbsp;&lt;/p&gt;
","2023-10-10 23:19:19",0,52.124.33.153,1
683682,19191,15223,34147,NULL,NULL,"&lt;p&gt;Interspecific competition-ex. sharks and dolphins are from different species but prey on the same kind of fish.&lt;/p&gt;
","2023-10-10 23:19:25",0,134.126.253.15,1
683683,19191,15223,34035,NULL,NULL,"&lt;p&gt;the garlic mustard plant releases a toxin to impede other plants&#039; growth around them&lt;/p&gt;
","2023-10-10 23:20:43",0,52.124.33.153,1
683685,19191,15223,34077,NULL,NULL,"&lt;p&gt;2 oak trees competing for sunlight and nutrients.&lt;/p&gt;
","2023-10-10 23:20:59",0,100.15.63.64,1
683686,19191,15223,34035,NULL,NULL,"&lt;p&gt;lions and cheetahs compete over their prey&lt;/p&gt;

&lt;p&gt;&nbsp;&lt;/p&gt;
","2023-10-10 23:21:08",0,52.124.33.153,1
683687,19191,15223,34147,NULL,NULL,"&lt;p&gt;plants in a garden competing for soil nutrients&lt;/p&gt;
","2023-10-10 23:23:17",0,134.126.253.15,1
683688,19191,15223,34067,NULL,NULL,"&lt;p&gt;Trees of Heaven secrete&nbsp;a chemical through their&nbsp;roots, leaves, and bark that inhibits the establishment of other plants surrounding them.&lt;/p&gt;
","2023-10-10 23:24:57",0,52.124.33.193,1
683689,19191,15223,34094,NULL,NULL,"&lt;p&gt;Two male buffalo physically fight over a female mate.&lt;/p&gt;
","2023-10-10 23:26:18",0,74.213.225.131,1
683690,19191,15223,34147,NULL,NULL,"&lt;p&gt;two male birds of the same species competing for a mate in the same environment&nbsp;&lt;/p&gt;
","2023-10-10 23:26:58",0,134.126.253.15,1
683692,19191,15223,34067,NULL,NULL,"&lt;p&gt;Prairie plants take over areas in northwestern Iowa; initial plants are unaffected while later arrivals die before maturity.&lt;/p&gt;
","2023-10-10 23:30:25",0,52.124.33.193,1
683693,19191,15223,34094,NULL,NULL,"&lt;p&gt;Two species of barnacles compete for the same space on a rock&#039;s surface along the shoreline.&nbsp;&lt;/p&gt;
","2023-10-10 23:31:08",0,74.213.225.131,1
683694,19191,15223,34067,NULL,NULL,"&lt;p&gt;Various different species like sharks, dolphins, and seagulls eat the same type of fish in a single area.&lt;/p&gt;
","2023-10-10 23:33:36",0,52.124.33.193,1
683710,19191,15223,33919,NULL,NULL,"&lt;p&gt;The Black Walnut tree&nbsp;excretes chemicals in its roots that are toxic to many other surrounding plants and can kill them.&nbsp;&lt;/p&gt;
","2023-10-10 23:46:08",0,75.102.137.136,1
683711,19191,15223,33919,NULL,NULL,"&lt;p&gt;Ferns grow over other smaller plants, preventing them from having access to resources such as sunlight.&lt;/p&gt;
","2023-10-10 23:49:13",0,75.102.137.136,1
683712,19191,15223,33919,NULL,NULL,"&lt;p&gt;Male polar bears compete for mates by fighting.&lt;/p&gt;
","2023-10-10 23:50:20",0,75.102.137.136,1
683724,19191,15223,33966,NULL,NULL,"&lt;p&gt;A human dumps a bucket of still water out leaving no place for a mosquito to lay its eggs.&nbsp;&lt;/p&gt;
","2023-10-11 00:08:05",0,73.99.51.214,1
683725,19191,15223,33966,NULL,NULL,"&lt;p&gt;Barnacles attach themselves to the hull of a ship.&lt;/p&gt;
","2023-10-11 00:09:59",0,73.99.51.214,1
683727,19191,15223,33966,NULL,NULL,"&lt;p&gt;A skunk sprays an area to keep other animals from coming.&lt;/p&gt;
","2023-10-11 00:17:13",0,73.99.51.214,1
683729,19191,15223,33942,NULL,NULL,"&lt;p&gt;A black walnut tree has a toxic chemical called&nbsp;juglone&nbsp;that does not allow plants to grow&nbsp;around it.&lt;/p&gt;
","2023-10-11 00:23:18",0,52.124.42.225,1
683730,19191,15223,34041,NULL,NULL,"&lt;p&gt;A matured American sycamore tree shading a meadowsweet shrub growing below. Due to the height of the American sycamore tree, the meadowsweet below is not receiving adequate sunlight.&nbsp;&lt;/p&gt;
","2023-10-11 00:24:04",0,50.30.161.67,1
683731,19191,15223,33954,NULL,NULL,"&lt;p&gt;Beta fish use their colorful fins to compete for territory and mates&lt;/p&gt;
","2023-10-11 00:25:05",0,199.87.199.102,1
683732,19191,15223,33981,NULL,NULL,"&lt;p&gt;A sunflower secretes a poison&nbsp;in their root system that causes the flower part of the flower to die.&nbsp;&lt;/p&gt;
","2023-10-11 00:25:57",0,172.56.2.206,1
683733,19191,15223,33942,NULL,NULL,"&lt;p&gt;Baboons fight&nbsp;over who gets to mate with a female since the female is a &quot;limited resource&quot; in this example.&nbsp;&lt;/p&gt;
","2023-10-11 00:27:22",0,52.124.42.225,1
683734,19191,15223,34041,NULL,NULL,"&lt;p&gt;Lions and hyenas are constantly in competition with each other over food.&nbsp;&lt;/p&gt;
","2023-10-11 00:27:31",0,50.30.161.67,1
683735,19191,15223,33981,NULL,NULL,"&lt;p&gt;Male&nbsp;lions compete for mating rights within the lion pack.&nbsp;&lt;/p&gt;
","2023-10-11 00:28:07",0,172.56.2.206,1
683736,19191,15223,33954,NULL,NULL,"&lt;p&gt;Tomato plants grow bright yellow flowers to try and attract more pollinators than flowers of other fruits.&lt;/p&gt;
","2023-10-11 00:28:10",0,199.87.199.102,1
683737,19191,15223,33942,NULL,NULL,"&lt;p&gt;There are a limited number of nuts on the ground in the fall and the squirrels all suffer when they run out.&lt;/p&gt;
","2023-10-11 00:28:47",0,52.124.42.225,1
683738,19191,15223,34041,NULL,NULL,"&lt;p&gt;Male gorillas will fight directly with other male gorillas over mates.&nbsp;&lt;/p&gt;
","2023-10-11 00:30:00",0,50.30.161.67,1
683739,19191,15223,33981,NULL,NULL,"&lt;p&gt;two brown bears are competing for territory.&nbsp;&lt;/p&gt;
","2023-10-11 00:30:57",0,172.56.2.206,1
683740,19191,15223,33954,NULL,NULL,"&lt;p&gt;Giraffes use their necks to fight for territory and mates&lt;/p&gt;
","2023-10-11 00:31:19",0,199.87.199.102,1
683741,19191,15223,33983,NULL,NULL,"&lt;p&gt;an oak tree being taller in a canopy than a hickory tree&lt;/p&gt;
","2023-10-11 00:37:10",0,73.147.55.229,1
683742,19191,15223,34038,NULL,NULL,"&lt;p&gt;a male cuttlefish ripples and flashes colors to intimidate another male.&lt;/p&gt;
","2023-10-11 00:37:41",0,64.203.154.81,1
683743,19191,15223,33983,NULL,NULL,"&lt;p&gt;Lions fight to protect their claimed area&lt;/p&gt;
","2023-10-11 00:38:56",0,73.147.55.229,1
683744,19191,15223,33983,NULL,NULL,"&lt;p&gt;Fungus is toxic when consumed and makes anything that eats it ill&lt;/p&gt;
","2023-10-11 00:40:01",0,73.147.55.229,1
683745,19191,15223,34038,NULL,NULL,"&lt;p&gt;wolf spiders and pink sundew compete for food (insects)&lt;/p&gt;
","2023-10-11 00:41:05",0,64.203.154.81,1
683749,19191,15223,34063,NULL,NULL,"&lt;p&gt;Dogs marking their scent on walks&lt;/p&gt;
","2023-10-11 00:46:27",0,73.12.106.2,1
683751,19191,15223,34063,NULL,NULL,"&lt;p&gt;Tree-of-heaven (Ailanthus altissima) secreting a toxin into the earth to prevent other plant growth&lt;/p&gt;
","2023-10-11 00:48:56",0,73.12.106.2,1
683759,19191,15223,34063,NULL,NULL,"&lt;p&gt;Ruby throated hummingbirds and long tongued bees consume nectar from the same plant (trumpet vine)&lt;/p&gt;
","2023-10-11 01:17:05",0,73.12.106.2,1
683761,19191,15223,33868,NULL,NULL,"&lt;p&gt;Deer and squirrels competing for acorns.&nbsp;&lt;/p&gt;
","2023-10-11 01:19:12",0,71.63.37.44,1
683762,19191,15223,33868,NULL,NULL,"&lt;p&gt;Garlic mustard plants releasing toxins into the environment that prevent other organisms from growing beside them.&lt;/p&gt;
","2023-10-11 01:22:06",0,71.63.37.44,1
683763,19191,15223,33971,NULL,NULL,"&lt;p&gt;Ant colonies going to war over food&lt;/p&gt;
","2023-10-11 01:24:03",0,75.102.137.34,1
683764,19191,15223,33868,NULL,NULL,"&lt;p&gt;Peruvian vultures and caracaras fighting for dead donkey meat.&nbsp;&lt;/p&gt;
","2023-10-11 01:24:17",0,71.63.37.44,1
683765,19191,15223,33971,NULL,NULL,"&lt;p&gt;Elephant seals violently fighting over mates&lt;/p&gt;
","2023-10-11 01:25:52",0,75.102.137.34,1
683769,19191,15223,33971,NULL,NULL,"&lt;p&gt;cowbirds destroying eggs in a nest and laying their own&lt;/p&gt;
","2023-10-11 01:31:47",0,75.102.137.34,1
683775,19191,15223,34054,NULL,NULL,"&lt;p&gt;Two seagulls fight over a fish that washed up on the beach.&nbsp;&nbsp;&lt;/p&gt;
","2023-10-11 01:36:48",0,74.213.225.131,1
683776,19191,15223,34054,NULL,NULL,"&lt;p&gt;Two white oak trees in the same area grow over each other in order to get more sunlight.&nbsp;&lt;/p&gt;
","2023-10-11 01:40:01",0,74.213.225.131,1
683777,19191,15223,34131,NULL,NULL,"&lt;p&gt;Domestic grass being overrun by bamboo.&lt;/p&gt;
","2023-10-11 01:41:43",0,52.124.41.25,1
683778,19191,15223,34054,NULL,NULL,"&lt;p&gt;Two male giraffes fight each other to&nbsp;decide which one gets a&nbsp;female mate.&nbsp;&lt;/p&gt;
","2023-10-11 01:42:05",0,74.213.225.131,1
683779,19191,15223,34134,NULL,NULL,"&lt;p&gt;Plants having to have brighter, or &quot;prettier,&quot; flowers in order to attract pollinators.&lt;/p&gt;
","2023-10-11 01:44:24",0,71.206.189.64,1
683780,19191,15223,34131,NULL,NULL,"&lt;p&gt;Wolves peeing to mark territory.&lt;/p&gt;
","2023-10-11 01:44:54",0,52.124.41.25,1
683782,19191,15223,34134,NULL,NULL,"&lt;p&gt;Two types of lizards eat the same insect.&nbsp;&nbsp;&lt;/p&gt;
","2023-10-11 01:46:31",0,71.206.189.64,1
683783,19191,15223,34131,NULL,NULL,"&lt;p&gt;Rhino beetle fighting to see who gets to the females.&nbsp;&lt;/p&gt;
","2023-10-11 01:46:39",0,52.124.41.25,1
683784,19191,15223,34134,NULL,NULL,"&lt;p&gt;Two tree-nesting birds inhabit a place with few trees.&lt;/p&gt;
","2023-10-11 01:47:19",0,71.206.189.64,1
683786,19191,15223,34104,NULL,NULL,"&lt;p&gt;Eucalyptus trees compete with other species with soil allelopathy that selectively inhibit other tree species.&lt;/p&gt;
","2023-10-11 01:52:24",0,76.104.82.204,1
683788,19191,15223,34051,NULL,NULL,"&lt;p&gt;Two White Oak&nbsp;&lt;em&gt;Quercus alba&nbsp;&lt;/em&gt;trees in close proximity compete for sunlight.&nbsp;&lt;/p&gt;
","2023-10-11 01:55:26",0,52.124.33.193,1
683789,19191,15223,34104,NULL,NULL,"&lt;p&gt;River otters repetitively spread&nbsp;their scent around their environment.&lt;/p&gt;
","2023-10-11 01:55:30",0,76.104.82.204,1
683790,19191,15223,34051,NULL,NULL,"&lt;p&gt;Hyenas and lions compete to hunt similar prey such as antelopes, birds and lizards.&nbsp;&lt;/p&gt;
","2023-10-11 01:56:45",0,52.124.33.193,1
683792,19191,15223,34051,NULL,NULL,"&lt;p&gt;Two male zebras compete to increase reproductive chances with a female zebra.&nbsp;&lt;/p&gt;
","2023-10-11 01:57:38",0,52.124.33.193,1
683794,19191,15223,34104,NULL,NULL,"&lt;p&gt;A herd of cattle trying to feed themselves within&nbsp;the same confined grassy area&lt;/p&gt;
","2023-10-11 02:02:41",0,76.104.82.204,1
683795,19191,15223,34132,NULL,NULL,"&lt;p&gt;Hawks preying on mice and squirrels.&lt;/p&gt;
","2023-10-11 02:05:59",0,50.30.161.83,1
683796,19191,15223,34057,NULL,NULL,"&lt;p&gt;Male peacocks compete for mates by showing off their elaborate feathers.&lt;/p&gt;
","2023-10-11 02:06:52",0,75.102.137.143,1
683798,19191,15223,34057,NULL,NULL,"&lt;p&gt;Two cheetahs fight over prey.&lt;/p&gt;
","2023-10-11 02:09:24",0,75.102.137.143,1
683799,19191,15223,34132,NULL,NULL,"&lt;p&gt;Dogs pee on the ground to make their territory.&lt;/p&gt;
","2023-10-11 02:10:11",0,50.30.161.83,1
683800,19191,15223,34057,NULL,NULL,"&lt;p&gt;a white&nbsp;oak tree and a red maple compete for space in a forest&lt;/p&gt;
","2023-10-11 02:12:04",0,75.102.137.143,1
683801,19191,15223,33930,NULL,NULL,"&lt;p&gt;A grey squirrel makes its den in a hollowed out tree trunk, preventing others from claiming that spot&lt;/p&gt;
","2023-10-11 02:13:04",0,204.111.113.46,1
683802,19191,15223,34132,NULL,NULL,"&lt;p&gt;Weeds spread and take the nutrients from flowers&nbsp;in the area.&nbsp;&lt;/p&gt;
","2023-10-11 02:13:25",0,50.30.161.83,1
683804,19191,15223,34046,NULL,NULL,"&lt;p&gt;A plant species extracts water and nutrients from the soil faster than the surrounding species.&nbsp;&lt;/p&gt;
","2023-10-11 02:14:58",0,75.102.137.34,1
683808,19191,15223,34046,NULL,NULL,"&lt;p&gt;Grizzly bears fighting for a prime fishing spot.&lt;/p&gt;
","2023-10-11 02:18:00",0,75.102.137.34,1
683809,19191,15223,33930,NULL,NULL,"&lt;p&gt;A black walnut tree produces juglone (a toxin) that are in the trees leaves, roots, buds, and nut hulls.&lt;/p&gt;
","2023-10-11 02:19:18",0,204.111.113.46,1
683810,19191,15223,31991,NULL,NULL,"&lt;p&gt;hackberry trees release a chemical that suppresses grass&lt;/p&gt;
","2023-10-11 02:19:37",0,73.31.123.143,1
683811,19191,15223,34049,NULL,NULL,"&lt;p&gt;One example of competition among plants is when an old tree dies in the arboretum&nbsp;there could be&nbsp;competition on the ground between the Quercus alba sapling&nbsp;and the Carya tomentosa sapling for the space left by the old tree and the sunlight and nutrients that comes with it.&lt;/p&gt;
","2023-10-11 02:19:49",0,73.31.123.143,1
683812,19191,15223,34142,NULL,NULL,"Black walnut trees (Juglans nigra) release a chemical called juglone which inhibits the growth of nearby plants, helping it to compete for the available resources.","2023-10-11 02:20:57",0,199.87.199.102,1
683813,19191,15223,33928,NULL,NULL,"&lt;p&gt;Dogs will urinate over an area to claim it and to signal to other dogs.&lt;/p&gt;
","2023-10-11 02:21:15",0,75.102.137.136,1
683814,19191,15223,34049,NULL,NULL,"&lt;p&gt;Male Panthera leo will compete with one another for females and territory.&lt;/p&gt;
","2023-10-11 02:22:54",0,73.31.123.143,1
683815,19191,15223,34046,NULL,NULL,"&lt;p&gt;Coral species competing with fish for nutrients.&nbsp;&lt;/p&gt;
","2023-10-11 02:23:03",0,75.102.137.34,1
683816,19191,15223,31991,NULL,NULL,"&lt;p&gt;different turkey tail funguses compete for space on a tree&lt;/p&gt;
","2023-10-11 02:23:06",0,73.31.123.143,1
683817,19191,15223,34143,NULL,NULL,"&lt;p&gt;Kangaroo males fight against each other in order to win over females.&nbsp;&lt;/p&gt;
","2023-10-11 02:24:10",0,76.78.164.113,1
683818,19191,15223,34143,NULL,NULL,"&lt;p&gt;Dogs urinate on objects to symbolize their territories.&nbsp;&lt;/p&gt;
","2023-10-11 02:24:59",0,76.78.164.113,1
683819,19191,15223,33929,NULL,NULL,"&lt;p&gt;Cacti in the desert compete for water&nbsp;&lt;/p&gt;
","2023-10-11 02:25:02",0,52.124.33.234,1
683821,19191,15223,34143,NULL,NULL,"&lt;p&gt;Eucalyptus relies on fire to release offspring.&nbsp;&lt;/p&gt;
","2023-10-11 02:26:19",0,76.78.164.113,1
683822,19191,15223,33929,NULL,NULL,"&lt;p&gt;Octopi compete with other species to occupy holes/rocks on the ocean floor for shelter&lt;/p&gt;
","2023-10-11 02:26:56",0,52.124.33.234,1
683823,19191,15223,33928,NULL,NULL,"&lt;p&gt;Walnut trees excrete a toxic chemical to kill other plants around it.&nbsp;&lt;/p&gt;
","2023-10-11 02:27:04",0,75.102.137.136,1
683824,19191,15223,31991,NULL,NULL,"&lt;p&gt;stray cats will fight with&nbsp; each other in order to secure shelter&lt;/p&gt;
","2023-10-11 02:28:02",0,73.31.123.143,1
683825,19191,15223,33928,NULL,NULL,"&lt;p&gt;2 peacocks are displaying their feathers to one another in attempt to take over an area of land.&nbsp;&lt;/p&gt;
","2023-10-11 02:28:13",0,75.102.137.136,1
683827,19191,15223,33929,NULL,NULL,"&lt;p&gt;Barnacles on ocean rocks occupy whatever space they can by claiming it first, before any other barnacles or other species get to the area.&nbsp;&lt;/p&gt;
","2023-10-11 02:29:45",0,52.124.33.234,1
683828,19191,15223,34049,NULL,NULL,"&lt;p&gt;Male Titanosaurs compete with other males for space and access to females.&lt;/p&gt;
","2023-10-11 02:30:22",0,73.31.123.143,1
683829,19191,15223,34142,NULL,NULL,"Great white sharks (Carcharodon carcharias), when sex and size are equal, will determine hunting rights based on who was there first.","2023-10-11 02:31:08",0,199.87.199.102,1
683830,19191,15223,34080,NULL,NULL,"&lt;p&gt;Sparrows and pigeons both feed on breadcrumbs and other human-provided food. Since there&#039;s a limited amount of food available, sparrows and pigeons compete for these resources.&lt;/p&gt;
","2023-10-11 02:31:14",0,204.111.39.79,1
683832,19191,15223,33930,NULL,NULL,"&lt;p&gt;A white oak tree grows tall and its leaves block sun from smaller trees and plants below it&lt;/p&gt;
","2023-10-11 02:31:46",0,204.111.113.46,1
683833,19191,15223,34080,NULL,NULL,"&lt;p&gt;In a garden, you might have both sunflowers and daisies growing. They both require sunlight and nutrients from the soil. However, there is limited sunlight and nutrients available.&lt;/p&gt;

&lt;p&gt;The competition occurs as both sunflowers and daisies try to access these resources. They grow taller and broader in an attempt to capture more sunlight and absorb more nutrients from the soil.&lt;/p&gt;
","2023-10-11 02:32:37",0,204.111.39.79,1
683834,19191,15223,34080,NULL,NULL,"&lt;p&gt;a meadow where both rabbits and deer graze for food. They both primarily eat grass and other plants. However, there is only a limited amount of green vegetation available in the meadow.&lt;/p&gt;

&lt;p&gt;Competition occurs when both rabbits and deer attempt to feed on the same plants. They might nibble on the grass and plants, and in doing so, they are competing for the available food resources.&lt;/p&gt;
","2023-10-11 02:33:07",0,204.111.39.79,1
683836,19191,15223,33985,NULL,NULL,"&lt;p&gt;Manzanita shrubs produce toxic arbutin and phenolic acids that, when leached into the soil, prevent grasses and other understory plants from growing.&lt;/p&gt;
","2023-10-11 02:38:04",0,73.147.144.42,1
683842,19191,15223,34062,NULL,NULL,"&lt;p&gt;Cheetahs&nbsp;and Lions both hunt Gazelle. Lions hunt in packs and Cheetahs use their speed to compete for the food resource (Gazelle).&lt;/p&gt;
","2023-10-11 02:45:28",0,73.31.122.155,1
683843,19191,15223,33985,NULL,NULL,"&lt;p&gt;Population density of pine trees in a forest decreases over time as resources such as light and water become limited.&lt;/p&gt;
","2023-10-11 02:48:17",0,73.147.144.42,1
683844,19191,15223,34062,NULL,NULL,"&lt;p&gt;Male bighorn sheep battle for a mate by butting their horns together&lt;/p&gt;
","2023-10-11 02:48:46",0,73.31.122.155,1
683845,19191,15223,34079,NULL,NULL,"&lt;p&gt;A plant indirectly competes with another plant for space in the same garden&lt;/p&gt;
","2023-10-11 02:49:35",0,50.30.161.114,1
683851,19191,15223,34079,NULL,NULL,"&lt;p&gt;A male lion competes with the head lion of a pride to take his spot&lt;/p&gt;
","2023-10-11 02:51:29",0,50.30.161.114,1
683853,19191,15223,34062,NULL,NULL,"&lt;p&gt;Black walnut trees limit the germination/growth of other species around them in their environment&lt;/p&gt;
","2023-10-11 02:53:10",0,73.31.122.155,1
683854,19191,15223,34079,NULL,NULL,"&lt;p&gt;dogs mark their territory by peeing on certain spaces&lt;/p&gt;
","2023-10-11 02:53:22",0,50.30.161.114,1
683855,19191,15223,33917,NULL,NULL,"&lt;p&gt;A plant (like garlic mustard) releases toxins into the ground so other plants can&#039;t grow around it.&nbsp;&lt;/p&gt;
","2023-10-11 02:54:40",0,73.147.55.204,1
683856,19191,15223,34142,NULL,NULL,"Lions (Panthera leo) will mark their territory with a combination of vocalizations and scent/hormones, with males aggressively defending the territory from invading individuals.","2023-10-11 02:55:03",0,199.87.199.102,1
683857,19191,15223,33917,NULL,NULL,"&lt;p&gt;Wolves mark their territory by peeing to prevent other wolves from entering their area or competing for resources in the same place.&nbsp;&lt;/p&gt;
","2023-10-11 02:55:59",0,73.147.55.204,1
683859,19191,15223,33917,NULL,NULL,"&lt;p&gt;Birds like vultures fight one another for food such as road kill.&nbsp;&lt;/p&gt;
","2023-10-11 02:56:30",0,73.147.55.204,1
683861,19191,15223,34142,NULL,NULL,"&lt;p&gt;did not mean to tag allelopathy&nbsp;&lt;/p&gt;
","2023-10-11 02:59:43",683808,199.87.199.102,1
683862,19191,15223,34081,NULL,NULL,"&lt;p&gt;Two Chestnut trees growing close too each other and fighting for nutrients and sunlight.&lt;/p&gt;
","2023-10-11 02:59:49",0,104.28.78.154,1
683863,19191,15223,33941,NULL,NULL,"&lt;p&gt;There is a tree that has widespread roots that release tannins, preventing other plants from taking root in the surrounding area leading to a very sparse understory.&lt;/p&gt;
","2023-10-11 03:02:17",0,76.78.164.230,1
683864,19191,15223,33941,NULL,NULL,"&lt;p&gt;A type of grass spreads rapidly across a savannah before another has had the opportunity to do the same.&lt;/p&gt;
","2023-10-11 03:03:43",0,76.78.164.230,1
683865,19191,15223,34081,NULL,NULL,"&lt;p&gt;Barnacles attach to hosts by secreting a cement-like adhesive to stay permanently attached to a location.&nbsp;&lt;/p&gt;
","2023-10-11 03:05:24",0,104.28.78.154,1
683866,19191,15223,33985,NULL,NULL,"&lt;p&gt;Prior establishment of a frog population in a pond inhibits the growth and survivorship of toad larvae.&lt;/p&gt;
","2023-10-11 03:05:41",0,73.147.144.42,1
683867,19191,15223,33941,NULL,NULL,"&lt;p&gt;There is a lion pride that is led by a single male, a younger lion without a pride, comes and challenges this pride&#039;s&nbsp;current leader.&lt;/p&gt;
","2023-10-11 03:05:43",0,76.78.164.230,1
683869,19191,15223,34081,NULL,NULL,"&lt;p&gt;Goats grazing in a gated pasture.&nbsp;&lt;/p&gt;
","2023-10-11 03:06:32",0,104.28.78.154,1
683872,19191,15223,33986,NULL,NULL,"&lt;p&gt;&lt;em&gt;Novomesser cockerelli&lt;/em&gt; ants plug entrances to red harvester ants&#039; colonies with rocks to prevent them from foraging&lt;/p&gt;
","2023-10-11 03:11:31",0,71.63.33.107,1
683873,19191,15223,33995,NULL,NULL,"&lt;p&gt;Male&nbsp;Ovis aries (Rams) headbutt each other when fighting for territory&nbsp;&lt;/p&gt;
","2023-10-11 03:13:43",0,71.62.116.109,1
683874,19191,15223,33986,NULL,NULL,"&lt;p&gt;cows grazing in a grassland&lt;/p&gt;
","2023-10-11 03:13:44",0,71.63.33.107,1
683876,19191,15223,33986,NULL,NULL,"&lt;p&gt;caterpillars eating the same leaf&lt;/p&gt;
","2023-10-11 03:14:38",0,71.63.33.107,1
683877,19191,15223,33969,NULL,NULL,"&lt;p&gt;1. My first example of competition is between lions and cheetahs. Both os these species hunt the same prey, in the same environment.&nbsp;&lt;/p&gt;
","2023-10-11 03:15:46",0,76.78.164.178,1
683878,19191,15223,33995,NULL,NULL,"&lt;p&gt;Anolis lizards puffing out their neck and doing push-ups to ward off other lizards&lt;/p&gt;
","2023-10-11 03:16:23",0,71.62.116.109,1
683879,19191,15223,34135,NULL,NULL,"Ex. Two male deer using their antlers to fight for resources.&lt;br /&gt;Ex. A woodpecker destroying the nests or wren so they have to stop looking for resources to remake their nests.&lt;br /&gt;Ex. Trees clustered in a small area extending their roots far and wide to get as much nutrients from the ground as possible.","2023-10-11 03:17:12",0,172.58.241.27,1
683880,19191,15223,33995,NULL,NULL,"&lt;p&gt;Trees shooting up as high as they can in order to get more sunlight than other trees&lt;/p&gt;
","2023-10-11 03:17:56",0,71.62.116.109,1
683881,19191,15223,34025,NULL,NULL,"&lt;p&gt;Tree-of-heaven trees produce chemicals in its leaves, roots, and bark that prevents&nbsp;the establishment of other plants.&nbsp;&lt;/p&gt;
","2023-10-11 03:18:50",0,75.102.131.73,1
683882,19191,15223,33969,NULL,NULL,"&lt;p&gt;Garlic mustard plants release a toxin into the atmosphere in order to prevent their competition (other plants) from surviving.&nbsp;&lt;/p&gt;
","2023-10-11 03:19:27",0,76.78.164.178,1
683883,19191,15223,33969,NULL,NULL,"&lt;p&gt;A white tailed deer scratches the ground with their antlers and releases urine to mark their territory in order to compete with other male white tailed deer.&nbsp;&lt;/p&gt;
","2023-10-11 03:20:55",0,76.78.164.178,1
683884,19191,15223,33945,NULL,NULL,"&lt;p&gt;When the time comes for breeding, the male northern elephant seals face off on the beach by vocalizing through their extended noses called proboscises. The males fight and tussle over the best spots for breeding to prepare for female arrival.&nbsp;&lt;/p&gt;
","2023-10-11 03:26:06",0,199.87.198.61,1
683885,19191,15223,34025,NULL,NULL,"&lt;p&gt;Larger, more dominant grizzly bears occupy and defend the best fishing spots on a river during salmon season.&nbsp;&lt;/p&gt;
","2023-10-11 03:26:47",0,75.102.131.73,1
683892,19191,15223,34025,NULL,NULL,"&lt;p&gt;Woodpeckers and squirrels commonly complete for nesting sites in the same hole or area of a tree.&nbsp;&lt;/p&gt;
","2023-10-11 03:34:48",0,75.102.131.73,1
683893,19191,15223,33945,NULL,NULL,"&lt;p&gt;The black walnut has a toxin called juglone that is within their buds, nut hulls and roots and remain in the soil around the tree and most potent in the drip line so that it can be spread through the roots. It is suspectible to tomatoes, peppers, eggplants and potatoes as well&nbsp;as oine and birch trees.&lt;/p&gt;
","2023-10-11 03:43:42",0,199.87.198.61,1
683894,19191,15223,30835,NULL,NULL,"&lt;p&gt;squirrels in a forest competing for acorns, chasing each other away from certain areas that produce the most amount of acorns.&lt;/p&gt;
","2023-10-11 03:44:25",0,75.102.137.143,1
683895,19191,15223,30835,NULL,NULL,"&lt;p&gt;two different species competing for sunlight, nutrients and water. Each species tries to outcompete each other for certain nutrients in the soil.&lt;/p&gt;
","2023-10-11 03:46:25",0,75.102.137.143,1
683896,19191,15223,30835,NULL,NULL,"&lt;p&gt;seals engaging in physical confrontations to compete for territories that have more opportunities for mates and food.&lt;/p&gt;
","2023-10-11 03:49:58",0,75.102.137.143,1
683898,19191,15223,33945,NULL,NULL,"&lt;p&gt;Insect larvae such as caterpillars can preemptively consume leaves and vegetation resources. They may strip leaves in an area, making it less suitable for other herbivores, and potentially forcing cimpetitors to search for alternative food sources.&nbsp;&lt;/p&gt;
","2023-10-11 03:53:20",0,199.87.198.61,1
683900,19191,15223,34050,NULL,NULL,"&lt;p&gt;Lions and hyenas compete with prey as they have similar diets&lt;/p&gt;
","2023-10-11 03:55:40",0,76.78.164.233,1
683901,19191,15223,34050,NULL,NULL,"&lt;p&gt;oak tress competing for light&lt;/p&gt;
","2023-10-11 03:56:51",0,76.78.164.233,1
683902,19191,15223,34106,NULL,NULL,"&lt;p&gt;two male lions fighting over a female mate&lt;/p&gt;
","2023-10-11 03:57:20",0,73.99.86.252,1
683903,19191,15223,34106,NULL,NULL,"&lt;p&gt;A holly shrub grows tall enough to block sunlight from smaller plants beneath it&lt;/p&gt;
","2023-10-11 03:58:09",0,73.99.86.252,1
683904,19191,15223,34106,NULL,NULL,"&lt;p&gt;hyenas and cheetas fighting over prey&lt;/p&gt;
","2023-10-11 03:59:38",0,73.99.86.252,1
683906,19191,15223,33956,NULL,NULL,"&lt;p&gt;Lions compete with hyenas for prey and water resources.&nbsp;&lt;/p&gt;
","2023-10-11 04:27:20",0,199.87.198.61,1
683907,19191,15223,33956,NULL,NULL,"&lt;p&gt;Barnacles on rocks and shorelines will compete for space.&lt;/p&gt;
","2023-10-11 04:29:17",0,199.87.198.61,1
683908,19191,15223,33956,NULL,NULL,"&lt;p&gt;Black walnut trees will release chemicals to slow the growth of other plants in the vicinity.&nbsp;&lt;/p&gt;
","2023-10-11 04:31:05",0,199.87.198.61,1
684281,19191,15223,34055,NULL,NULL,"&lt;p&gt;1. barnacle vs. mussel - they compete for space on rocks&lt;/p&gt;
","2023-10-11 15:23:30",0,134.126.253.59,1
684282,19191,15223,34055,NULL,NULL,"&lt;p&gt;plants competing for sunlight in a forest canopy&nbsp;&lt;/p&gt;
","2023-10-11 15:33:29",0,134.126.253.59,1
684283,19191,15223,34055,NULL,NULL,"&lt;p&gt;birds competing for nesting sites&nbsp;&lt;/p&gt;
","2023-10-11 15:33:52",0,134.126.253.59,1
684561,19191,15223,34060,NULL,NULL,"&lt;p&gt;1. Human competition for jobs. Competition for employment opportunities is very common.&lt;/p&gt;
","2023-10-11 19:02:20",0,52.124.41.17,1
684562,19191,15223,34060,NULL,NULL,"&lt;p&gt;Cheetahs must use their speed and strength to outcompete Antelope&#039;s defenses, so the predator can catch its prey.&lt;/p&gt;
","2023-10-11 19:04:46",0,52.124.41.17,1
684563,19191,15223,34060,NULL,NULL,"&lt;p&gt;Hummingbird&nbsp;and Bee competition revolves around their shared reliance on nectar from flowers. It influences their foraging behaviors.&nbsp;&lt;/p&gt;
","2023-10-11 19:07:11",0,52.124.41.17,1
684589,19191,15223,34098,NULL,NULL,"&lt;p&gt;dandelions grow next to a tomato plant and now the tomato plant isnt getting enough water&lt;/p&gt;
","2023-10-11 21:20:51",0,134.126.253.57,1
684669,19191,15223,34098,NULL,NULL,"&lt;p&gt;male deer fight each other to win mates&lt;/p&gt;
","2023-10-12 03:36:08",0,75.102.137.34,1
685839,19191,15223,34137,NULL,NULL,"&lt;p&gt;1. Two red deer using their antlers to fight&nbsp;during rut is an example of interference competition within a species&lt;/p&gt;

&lt;p&gt;2.&nbsp;Male bowerbirds&nbsp;create structures called&nbsp;&lt;em&gt;bowers&lt;/em&gt;&nbsp;to attract potential mates and this&nbsp;reduces the fitness of their neighbors directly&nbsp;&lt;/p&gt;

&lt;p&gt;3.&nbsp;When an old tree in a forest dies and falls to the ground, there is a race to fill in the gap in the canopy&lt;/p&gt;
","2023-10-15 18:21:43",0,52.124.33.234,1
685840,19191,15223,34137,NULL,NULL,"&lt;p&gt;allelopathy&lt;/p&gt;
","2023-10-15 18:24:29",683414,52.124.33.234,1
685841,19191,15223,34137,NULL,NULL,"&lt;p&gt;combat&lt;/p&gt;
","2023-10-15 18:25:34",683461,52.124.33.234,1
685842,19191,15223,34137,NULL,NULL,"&lt;p&gt;territory&lt;/p&gt;
","2023-10-15 18:26:00",683500,52.124.33.234,1
686651,19191,15223,33948,NULL,NULL,"&lt;p&gt;ferns covering the ground below, preventing light from reaching the ground&lt;/p&gt;
","2023-10-16 16:38:00",0,134.126.253.39,1
686652,19191,15223,33948,NULL,NULL,"&lt;p&gt;Shore birds fighting over territory on an island&lt;/p&gt;
","2023-10-16 16:39:44",0,134.126.253.39,1
686654,19191,15223,33948,NULL,NULL,"&lt;p&gt;female bird only choosing the prettiest males bro mate with&lt;/p&gt;
","2023-10-16 16:49:22",0,134.126.253.39,1
